Category ,Park,Area Name,State
 National Park, Acadia National Park, Acadia, ME
 Wild River, Alagnak Wild River, Alagnak, AK 
 National Monument, Alibates Flint Quarries National Monument, Alibates Flint Quarries, TX  
 National Historic Trail, Ala Kahakai National Historic Trail, Ala Kahakai, HI  
 National Recreation Area, Amistad National Recreation Area, Amistad, TX  
 National Historic Site, Andersonville National Historic Site, Andersonville, GA  
 National Monument & Preserve, Aniakchak National Monument & Preserve, Aniakchak, AK  
 National Battlefield, Antietam National Battlefield, Antietam, MD  
 National Lakeshore, Apostle Islands National Lakeshore, Apostle Islands, WI  
 National Scenic Trail, Appalachian National Scenic Trail, Appalachian,WV  
 National Scenic Trail, Appalachian National Scenic Trail, Appalachian,VT
 National Scenic Trail, Appalachian National Scenic Trail, Appalachian,VA
 National Scenic Trail, Appalachian National Scenic Trail, Appalachian,TN 
 National Scenic Trail, Appalachian National Scenic Trail, Appalachian,PA
 National Scenic Trail, Appalachian National Scenic Trail, Appalachian,NY
 National Scenic Trail, Appalachian National Scenic Trail, Appalachian,NJ
 National Scenic Trail, Appalachian National Scenic Trail, Appalachian,NH
 National Scenic Trail, Appalachian National Scenic Trail, Appalachian,NH
 National Scenic Trail, Appalachian National Scenic Trail, Appalachian,NC
 National Scenic Trail, Appalachian National Scenic Trail, Appalachian,ME
 National Scenic Trail, Appalachian National Scenic Trail, Appalachian,MD
 National Scenic Trail, Appalachian National Scenic Trail, Appalachian,MA
 National Scenic Trail, Appalachian National Scenic Trail, Appalachian,GA
 National Scenic Trail, Appalachian National Scenic Trail, Appalachian, CT
 National Park, Arches National Park, Arches, UT  
 National Seashore, Assateague Island National Seashore, Assateague Island,VA  
 National Seashore, Assateague Island National Seashore, Assateague Island, MD  
 National Park, Badlands National Park, Badlands, SD  
 National Monument, Bandelier National Monument, Bandelier, NM  
 National Preserve, Bering Land Bridge National Preserve, Bering Land Bridge, AK  
 National Park, Big Bend National Park, Big Bend, TX  
 National Recreation Area, Bighorn Canyon National Recreation Area, Bighorn Canyon, MT  
 National Recreation Area, Bighorn Canyon National Recreation Area, Bighorn Canyon,WY  
 National Preserve, Big Cypress National Preserve, Big Cypress, FL  
 National Park, Biscayne National Park, Biscayne, FL  
 National River & Recreation Area, Big South Fork National River & Recreation Area, Big South Fork, KY 
 National River & Recreation Area, Big South Fork National River & Recreation Area, Big South Fork,TN  
 National Preserve, Big Thicket National Preserve, Big Thicket, TX  
 National Park, Black Canyon Of The Gunnison National Park, Black Canyon Of The Gunnison, CO  
 Parkway, Blue Ridge Parkway, Blue Ridge, NC 
 Parkway, Blue Ridge Parkway, Blue Ridge,VA  
 National Historical Park, Blackstone River Valley National Historical Park, Blackstone River Valley, MA  
 National Historical Park, Blackstone River Valley National Historical Park, Blackstone River Valley, RI
 National Recreation Area, Boston Harbor Islands National Recreation Area, Boston Harbor Islands, MA  
 National Park, Bryce Canyon National Park, Bryce Canyon, UT  
 National River, Buffalo National River, Buffalo, AR  
 National Monument, Canyon de Chelly National Monument, Canyon de Chelly, AZ  
 National Seashore, Cape Cod National Seashore, Cape Cod, MA  
 National Seashore, Cape Hatteras National Seashore, Cape Hatteras, NC  
 National Monument, Cape Krusenstern National Monument, Cape Krusenstern, AK  
 National Seashore, Cape Lookout National Seashore, Cape Lookout, NC  
 National Monument, Castle Mountains National Monument, Castle Mountains, CA  
 National Seashore, Canaveral National Seashore, Canaveral, FL  
 National Park, Canyonlands National Park, Canyonlands, UT  
 National Park, Capitol Reef National Park, Capitol Reef, UT  
 Park, Catoctin Mountain Park, Catoctin Mountain, MD  
 National Park, Carlsbad Caverns National Park, Carlsbad Caverns, NM  
 National Monument, Cedar Breaks National Monument, Cedar Breaks, UT  
 National Historical Park, Chaco Culture National Historical Park, Chaco Culture, NM  
 National Recreation Area, Chickasaw National Recreation Area, Chickasaw, OK  
 National Monument, Chiricahua National Monument, Chiricahua, AZ  
 National Park, Channel Islands National Park, Channel Islands, CA  
 National Historical Park, Chesapeake & Ohio Canal National Historical Park, Chesapeake & Ohio Canal,WV  
 National Historical Park, Chesapeake & Ohio Canal National Historical Park, Chesapeake & Ohio Canal,MD
 National Historical Park, Chesapeake & Ohio Canal National Historical Park, Chesapeake & Ohio Canal, DC
 National Reserve, City Of Rocks National Reserve, City Of Rocks, ID  
 National Monument, Colorado National Monument, Colorado, CO  
 National Park,Congaree National Park, Congaree, SC  
 National Park,Crater Lake National Park, Crater Lake, OR  
 National Monument & Preserve, Craters Of The Moon National Monument & Preserve, Craters Of The Moon, ID  
 National Historical Park, Cumberland Gap National Historical Park, Cumberland Gap,VA  
 National Historical Park, Cumberland Gap National Historical Park, Cumberland Gap,TN
 National Historical Park, Cumberland Gap National Historical Park, Cumberland Gap, KY
 National Seashore, Cumberland Island National Seashore, Cumberland Island, GA  
 National Recreation Area, Curecanti National Recreation Area, Curecanti, CO  
 National Park, Cuyahoga Valley National Park, Cuyahoga Valley, OH  
 National Park & Preserve, Denali National Park & Preserve, Denali, AK  
 National Monument, Devils Postpile National Monument, Devils Postpile, CA  
 National Monument, Devils Tower National Monument, Devils Tower, WY  
 National Park, Death Valley National Park, Death Valley,NV  
 National Park, Death Valley National Park, Death Valley,NV  
 National Recreation Area, Delaware Water Gap National Recreation Area, Delaware Water Gap,PA  
 National Recreation Area, Delaware Water Gap National Recreation Area, Delaware Water Gap, NJ
 National Monument, Dinosaur National Monument, Dinosaur,UT  
 National Monument, Dinosaur National Monument, Dinosaur, CO  
 National Park, Dry Tortugas National Park, Dry Tortugas, FL  
 National Historical Reserve," ""Ebeys Landing National Historical Reserve"""," ""Ebeys Landing""", WA  
 National Monument, El Malpais National Monument, El Malpais, NM  
 National Monument, El Morro National Monument, El Morro, NM  
 National Park, Everglades National Park, Everglades, FL  
 National Seashore, Fire Island National Seashore, Fire Island, NY  
 National Park & Preserve, Gates Of The Arctic National Park & Preserve, Gates Of The Arctic, AK  
 National Recreation Area, Gauley River National Recreation Area, Gauley River, WV  
 National Recreation Area, Gateway National Recreation Area, Gateway,NJ  
 National Recreation Area, Gateway National Recreation Area, Gateway, NY
 National Military Park, Gettysburg National Military Park, Gettysburg, PA  
 National Monument, Gila Cliff Dwellings National Monument, Gila Cliff Dwellings, NM  
 National Park, Glacier National Park, Glacier, MT  
 National Park & Preserve, Glacier Bay National Park & Preserve, Glacier Bay, AK  
 National Recreation Area, Glen Canyon National Recreation Area, Glen Canyon National Recreation Area,UT  
 National Recreation Area, Glen Canyon National Recreation Area, Glen Canyon National Recreation Area, AZ
 National Recreation Area, Golden Gate National Recreation Area, Golden Gate, CA  
 National Park, Great Basin National Park, Great Basin, NV  
 National Park, Grand Canyon National Park, Grand Canyon, AZ  
 National Park, Greenbelt Park, Greenbelt, MD  
 National Recreation Area, Great Egg Harbor River, Great Egg Harbor River, NJ  
 National Monument, Grand Portage National Monument, Grand Portage, MN  
 National Park & Preserve, Great Sand Dunes National Park & Preserve, Great Sand Dunes, CO  
 National Park, Great Smoky Mountains National Park, Great Smoky Mountains,TN  
 National Park, Great Smoky Mountains National Park, Great Smoky Mountains, NC
 National Park, Grand Teton National Park, Grand Teton, WY  
 National Seashore, Gulf Islands National Seashore, Gulf Islands, MS  
 National Seashore, Gulf Islands National Seashore, Gulf Islands, FL
 National Park, Guadalupe Mountains National Park, Guadalupe Mountains, TX  
 National Park, Haleakalā National Park, Haleakalā, HI  
 National Park, Hawaiʻi Volcanoes National Park, Hawaiʻi Volcanoes, HI  
