Category ,Park,Area ,State
 National Park, Acadia National Park, Acadia, ME
 Wild River, Alagnak Wild River, Alagnak, AK  
 National Historic Trail, Ala Kahakai National Historic Trail, Ala Kahakai, HI  
 National Recreation Area, Amistad National Recreation Area, Amistad, TX  
 Park, Anacostia Park, Anacostia, DC  
 National Lakeshore, Apostle Islands National Lakeshore, Apostle Islands, WI  
 National Memorial, Arkansas Post National Memorial, Arkansas Post, AR  
 National Seashore, Assateague Island National Seashore, Assateague Island, MD  
 National Seashore, Assateague Island National Seashore, Assateague Island, VA  
 National Historic Site," ""Bents Old Fort National Historic Site"""," ""Bents Old Fort""", CO  
 National Park, Big Bend National Park, Big Bend, TX  
 National Recreation Area, Bighorn Canyon National Recreation Area, Bighorn Canyon, MT
 National Recreation Area, Bighorn Canyon National Recreation Area, Bighorn Canyon,WY  
 National Battlefield, Big Hole National Battlefield, Big Hole, MT  
 National Park, Biscayne National Park, Biscayne, FL  
 National River & Recreation Area, Big South Fork National River & Recreation Area, Big South Fork, KY  
 National River & Recreation Area, Big South Fork National River & Recreation Area, Big South Fork,TN  
 National Preserve, Big Thicket National Preserve, Big Thicket, TX  
 National Park, Black Canyon Of The Gunnison National Park, Black Canyon Of The Gunnison, CO  
 Parkway, Blue Ridge Parkway, Blue Ridge, VA  
 Parkway, Blue Ridge Parkway, Blue Ridge, NC  
 National Historical Park, Blackstone River Valley National Historical Park, Blackstone River Valley, RI 
 National Historical Park, Blackstone River Valley National Historical Park, Blackstone River Valley, MA  
 National Scenic River, Bluestone National Scenic River, Bluestone, WV  
 National Recreation Area, Boston Harbor Islands National Recreation Area, Boston Harbor Islands, MA  
 National Historical Park, Boston National Historical Park, Boston, MA  
 National River, Buffalo National River, Buffalo, AR  
 National Seashore, Cape Cod National Seashore, Cape Cod, MA  
 National Seashore, Cape Hatteras National Seashore, Cape Hatteras, NC  
 National Historic Trail, Captain John Smith Chesapeake National Historic Trail, Captain John Smith Chesapeake,NY  
 National Historic Trail, Captain John Smith Chesapeake National Historic Trail, Captain John Smith Chesapeake,PA 
 National Historic Trail, Captain John Smith Chesapeake National Historic Trail, Captain John Smith Chesapeake, DC 
 National Historic Trail, Captain John Smith Chesapeake National Historic Trail, Captain John Smith Chesapeake,DE 
 National Historic Trail, Captain John Smith Chesapeake National Historic Trail, Captain John Smith Chesapeake,MD
 National Historic Trail, Captain John Smith Chesapeake National Historic Trail, Captain John Smith Chesapeake, VA
 National Seashore, Cape Lookout National Seashore, Cape Lookout, NC  
 National Seashore, Canaveral National Seashore, Canaveral, FL  
 National Park, Capitol Reef National Park, Capitol Reef, UT  
 Park, Catoctin Mountain Park, Catoctin Mountain, MD  
 National Recreation Area, Chattahoochee River National Recreation Area, Chattahoochee River, GA  
 National Recreation Area, Chickasaw National Recreation Area, Chickasaw, OK  
 National Park, Channel Islands National Park, Channel Islands, CA  
 National Historical Park, Chesapeake & Ohio Canal National Historical Park, Chesapeake & Ohio Canal,WV  
 National Historical Park, Chesapeake & Ohio Canal National Historical Park, Chesapeake & Ohio Canal,MD
 National Historical Park, Chesapeake & Ohio Canal National Historical Park, Chesapeake & Ohio Canal, DC 
 National Reserve, City Of Rocks National Reserve, City Of Rocks, ID  
 National Park, Congaree National Park, Congaree, SC  
 National Park, Crater Lake National Park, Crater Lake, OR  
 National Recreation Area, Curecanti National Recreation Area, Curecanti, CO  
 National Park, Cuyahoga Valley National Park, Cuyahoga Valley, OH  
 National Monument, Devils Postpile National Monument, Devils Postpile, CA  
 National Memorial, De Soto National Memorial, De Soto, FL  
 National Recreation Area, Delaware Water Gap National Recreation Area, Delaware Water Gap, NJ 
 National Recreation Area, Delaware Water Gap National Recreation Area, Delaware Water Gap,PA  
 National Monument, Dinosaur National Monument, Dinosaur, CO
 National Monument, Dinosaur National Monument, Dinosaur,UT  
 National Park, Dry Tortugas National Park, Dry Tortugas, FL  
 National Historical Reserve," ""Ebeys Landing National Historical Reserve"""," ""Ebeys Landing""", WA  
 National Park, Everglades National Park, Everglades, FL  
 National Seashore, Fire Island National Seashore, Fire Island, NY  
 National Historic Site,Fort Laramie National Historic Site, Fort Laramie, WY  
 National Monument,Fort Matanzas National Monument, Fort Matanzas, FL  
 National Historic Site, Fort Point National Historic Site, Fort Point, CA  
 National Historical Park, Fort Sumter and Fort Moultrie National Historical Park, Fort Sumter and Fort Moultrie, SC  
 Park, Fort Washington Park, Fort Washington, MD  
 National Historical Park, First State National Historical Park, First State, DE
 National Historical Park, First State National Historical Park, First State,PA  
 National Recreation Area, Gauley River National Recreation Area, Gauley River, WV  
 National Recreation Area, Gateway National Recreation Area, Gateway,NJ  
 National Recreation Area, Gateway National Recreation Area, Gateway, NY
 National Historical Park, George Rogers Clark National Historical Park, George Rogers Clark, IN  
 National Monument, George Washington Birthplace National Monument, George Washington Birthplace, VA  
 National Park, Glacier National Park, Glacier, MT  
 National Park & Preserve, Glacier Bay National Park & Preserve, Glacier Bay, AK  
 National Recreation Area, Glen Canyon National Recreation Area, Glen Canyon, AZ
 National Recreation Area, Glen Canyon National Recreation Area, Glen Canyon,UT  
 National Recreation Area, Golden Gate National Recreation Area, Golden Gate, CA  
 National Park, Great Basin National Park, Great Basin, NV  
 National Park, Grand Canyon National Park, Grand Canyon, AZ  
 National Recreation Area, Great Egg Harbor River, Great Egg Harbor River, NJ  
 National Park & Preserve, Great Sand Dunes National Park & Preserve, Great Sand Dunes, CO  
 National Park, Great Smoky Mountains National Park, Great Smoky Mountains, NC  
 National Park, Great Smoky Mountains National Park, Great Smoky Mountains,TN  
 National Park, Great Smoky Mountains National Park, Great Smoky Mountains, NC
 National Park, Grand Teton National Park, Grand Teton, WY  
 National Seashore, Gulf Islands National Seashore, Gulf Islands, FL
 National Seashore, Gulf Islands National Seashore, Gulf Islands,MS  
 National Military Park, Horseshoe Bend National Military Park, Horseshoe Bend, AL  
 National Park, Hot Springs National Park, Hot Springs, AR  
 National Scenic Trail, Ice Age National Scenic Trail, Ice Age, WI  
 National Park, Indiana Dunes National Park, Indiana Dunes, IN  
 National Park, Isle Royale National Park, Isle Royale, MI  
 National Historical Park and Preserve, Jean Lafitte National Historical Park and Preserve,New Orleans, LA  
 National Historical Park, Kaloko-Honokōhau National Historical Park, Kaloko-Honokōhau, HI  
 National Park & Preserve, Katmai National Park & Preserve, Katmai, AK  
 National Monument, Katahdin Woods and Waters National Monument, Katahdin Woods and Waters, ME  
 National Park, Kenai Fjords National Park, Kenai Fjords, AK  
 National Historic Site, Knife River Indian Villages National Historic Site, Knife River Indian Villages, ND  
 National Park, Kobuk Valley National Park, Kobuk Valley, AK  
 National Park & Preserve, Lake Clark National Park & Preserve, Lake Clark, AK  
 National Recreation Area, Lake Mead National Recreation Area, Lake Mead, AZ 
 National Recreation Area, Lake Mead National Recreation Area, Lake Mead,NV  
 National Recreation Area, Lake Meredith National Recreation Area, Lake Meredith, TX  
 National Recreation Area, Lake Roosevelt National Recreation Area, Lake Roosevelt, WA  
 National Park, Lassen Volcanic National Park, Lassen Volcanic, CA  
 National Historical Park, Lewis and Clark National Historical Park, Lewis and Clark, OR
 National Historical Park, Lewis and Clark National Historical Park, Lewis and Clark,WA  
 National Historic Trail, Lewis & Clark National Historic Trail, Lewis & Clark, IA
 National Historic Trail, Lewis & Clark National Historic Trail, Lewis & Clark,ID
 National Historic Trail, Lewis & Clark National Historic Trail, Lewis & Clark,IL
 National Historic Trail, Lewis & Clark National Historic Trail, Lewis & Clark,IN
 National Historic Trail, Lewis & Clark National Historic Trail, Lewis & Clark,KS
 National Historic Trail, Lewis & Clark National Historic Trail, Lewis & Clark,MO
 National Historic Trail, Lewis & Clark National Historic Trail, Lewis & Clark,MT  
 National Historic Trail, Lewis & Clark National Historic Trail, Lewis & Clark,NE
 National Historic Trail, Lewis & Clark National Historic Trail, Lewis & Clark,ND
 National Historic Trail, Lewis & Clark National Historic Trail, Lewis & Clark,OH
 National Historic Trail, Lewis & Clark National Historic Trail, Lewis & Clark,OR
 National Historic Trail, Lewis & Clark National Historic Trail, Lewis & Clark,PA 
 National Historic Trail, Lewis & Clark National Historic Trail, Lewis & Clark,SD 
 National Historic Trail, Lewis & Clark National Historic Trail, Lewis & Clark,WA
 National Historic Trail, Lewis & Clark National Historic Trail, Lewis & Clark,WV  
